Heart rate,Respiratory rate
78.26086956521739,33.333333333333336
